{"lr": 0.00997794446709763, "data_time": 0.1486051321029663, "loss": 0.04895861651748419, "decode.loss_ce": 0.03259292170405388, "decode.acc_seg": 98.14958190917969, "aux.loss_ce": 0.01636569555848837, "aux.acc_seg": 98.14958190917969, "time": 0.38048677444458007, "step": 100}
{"lr": 0.009955660594668054, "data_time": 0.008958649635314942, "loss": 0.05702364947646856, "decode.loss_ce": 0.0390052942559123, "decode.acc_seg": 98.43269348144531, "aux.loss_ce": 0.018018354708328844, "aux.acc_seg": 96.68717956542969, "time": 0.24166040420532225, "step": 200}
{"lr": 0.009933371122565919, "data_time": 0.008600497245788574, "loss": 0.03357447274029255, "decode.loss_ce": 0.022364182397723198, "decode.acc_seg": 99.59889221191406, "aux.loss_ce": 0.011210290482267737, "aux.acc_seg": 99.74411010742188, "time": 0.2421464204788208, "step": 300}
{"lr": 0.009911076035273796, "data_time": 0.008200621604919434, "loss": 0.033235388807952404, "decode.loss_ce": 0.022437296248972415, "decode.acc_seg": 99.3333511352539, "aux.loss_ce": 0.010798092698678374, "aux.acc_seg": 99.19776916503906, "time": 0.24196264743804932, "step": 400}
{"aAcc": 99.09, "mIoU": 81.43, "mAcc": 92.08, "step": 400}
{"lr": 0.0098887753171919, "data_time": 0.008365607261657715, "loss": 0.014023327175527811, "decode.loss_ce": 0.008999488735571503, "decode.acc_seg": 99.72737884521484, "aux.loss_ce": 0.005023838486522436, "aux.acc_seg": 99.30860900878906, "time": 0.24196140766143798, "step": 500}
{"lr": 0.009866468952637547, "data_time": 0.009214138984680176, "loss": 0.07014702111482621, "decode.loss_ce": 0.05056740790605545, "decode.acc_seg": 99.30023956298828, "aux.loss_ce": 0.01957961479201913, "aux.acc_seg": 98.80653381347656, "time": 0.24367201328277588, "step": 600}
{"lr": 0.009844156925844432, "data_time": 0.009308815002441406, "loss": 0.022225808538496494, "decode.loss_ce": 0.015290348348207772, "decode.acc_seg": 99.77764129638672, "aux.loss_ce": 0.006935459712985903, "aux.acc_seg": 99.81890106201172, "time": 0.24351935386657714, "step": 700}
{"lr": 0.009821839220962003, "data_time": 0.0084442138671875, "loss": 0.013831047061830758, "decode.loss_ce": 0.008931133430451155, "decode.acc_seg": 99.99410247802734, "aux.loss_ce": 0.004899913643021137, "aux.acc_seg": 99.99410247802734, "time": 0.2424251079559326, "step": 800}
{"aAcc": 99.47, "mIoU": 87.22, "mAcc": 91.68, "step": 800}
